Effective_Vertical_Stress,Axial_Strain,Void_Ratio
0,0,0.755962153
25,1.436398638,0.731096704
50,2.371226462,0.715288772
100,3.656998739,0.69401215
200,5.28742699,0.667779528
400,7.321913516,0.636163665
800,9.940081318,0.597199249
400,9.728748398,0.600275387
200,9.395794517,0.605145939
100,9.018567639,0.610700077
50,8.615221987,0.616681457
25,8.129439621,0.623944561
